Rk,Player,Pos,Tm,ORtg,DRtg,Player-additional,Team
1,Precious Achiuwa,C,TOR,112,113,achiupr01,TOR
2,Steven Adams,C,MEM,118,108,adamsst01,MEM
3,Bam Adebayo,C,MIA,115,111,adebaba01,MIA
4,Ochai Agbaji,SG,UTA,115,121,agbajoc01,UTA
5,Santi Aldama,PF,MEM,120,111,aldamsa01,MEM
6,Nickeil Alexander-Walker,SG,TOT,109,116,alexani01,0
6,Nickeil Alexander-Walker,SG,UTA,111,116,alexani01,UTA
6,Nickeil Alexander-Walker,SG,MIN,106,116,alexani01,MIN
7,Grayson Allen,SG,MIL,123,114,allengr01,MIL
8,Jarrett Allen,C,CLE,132,108,allenja01,CLE
9,Jose Alvarado,PG,NOP,107,113,alvarjo01,NOP
10,Kyle Anderson,PF,MIN,120,112,anderky01,MIN
11,Giannis Antetokounmpo,PF,MIL,117,108,antetgi01,MIL
12,Thanasis Antetokounmpo,SF,MIL,98,114,antetth01,MIL
13,Cole Anthony,PG,ORL,117,115,anthoco01,ORL
14,OG Anunoby,SF,TOR,113,113,anunoog01,TOR
15,Ryan Arcidiacono,PG,TOT,86,121,arcidry01,0
15,Ryan Arcidiacono,PG,NYK,72,110,arcidry01,NYK
15,Ryan Arcidiacono,PG,POR,88,122,arcidry01,POR
16,Deni Avdija,SF,WAS,106,114,avdijde01,WAS
17,Deandre Ayton,C,PHO,119,111,aytonde01,PHX
18,Udoka Azubuike,C,UTA,131,114,azubuud01,UTA
19,Marvin Bagley III,C,DET,117,118,baglema01,DET
20,Patrick Baldwin Jr.,SF,GSW,101,114,baldwpa01,GSW
21,LaMelo Ball,PG,CHO,108,115,ballla01,CHA
22,Mo Bamba,C,TOT,121,111,bambamo01,0
22,Mo Bamba,C,ORL,125,112,bambamo01,ORL
22,Mo Bamba,C,LAL,100,108,bambamo01,LAL
23,Paolo Banchero,PF,ORL,105,114,banchpa01,ORL
24,Desmond Bane,SG,MEM,119,113,banede01,MEM
25,Dalano Banton,PG,TOR,105,112,bantoda01,TOR
26,Dominick Barlow,SF,SAS,121,119,barlodo01,SAS
27,Harrison Barnes,PF,SAC,126,119,barneha02,SAC
28,Scottie Barnes,PF,TOR,113,115,barnesc01,TOR
29,RJ Barrett,SG,NYK,107,118,barrerj01,NYK
30,Will Barton,SG,TOT,102,117,bartowi01,0
30,Will Barton,SG,WAS,101,117,bartowi01,WAS
30,Will Barton,SG,TOR,105,114,bartowi01,TOR
31,Charles Bassey,C,SAS,120,114,bassech01,SAS
32,Keita Bates-Diop,SF,SAS,121,120,bateske01,SAS
33,Nicolas Batum,PF,LAC,120,114,batumni01,LAC
34,Darius Bazley,PF,TOT,107,111,bazleda01,0
34,Darius Bazley,PF,OKC,108,111,bazleda01,OKC
34,Darius Bazley,PF,PHO,101,106,bazleda01,PHX
35,Bradley Beal,SG,WAS,114,117,bealbr01,WAS
36,Malik Beasley,SG,TOT,105,117,beaslma01,0
36,Malik Beasley,SG,UTA,107,118,beaslma01,UTA
36,Malik Beasley,SG,LAL,99,115,beaslma01,LAL
37,MarJon Beauchamp,SF,MIL,99,113,beaucma01,MIL
38,Dāvis Bertāns,PF,DAL,120,118,bertada01,DAL
39,Patrick Beverley,PG,TOT,113,113,beverpa01,0
39,Patrick Beverley,PG,LAL,112,115,beverpa01,LAL
39,Patrick Beverley,PG,CHI,114,111,beverpa01,CHI
40,Saddiq Bey,SF,TOT,117,119,beysa01,0
40,Saddiq Bey,SF,DET,115,119,beysa01,DET
40,Saddiq Bey,SF,ATL,124,117,beysa01,ATL
41,Khem Birch,C,TOR,113,115,birchkh01,TOR
42,Goga Bitadze,C,TOT,123,112,bitadgo01,0
42,Goga Bitadze,C,IND,115,115,bitadgo01,IND
42,Goga Bitadze,C,ORL,129,110,bitadgo01,ORL
43,Bismack Biyombo,C,PHO,109,108,biyombi01,PHX
44,Buddy Boeheim,PG,DET,77,123,boehebu01,DET
45,Bogdan Bogdanović,SG,ATL,117,118,bogdabo01,ATL
46,Bojan Bogdanović,PF,DET,118,122,bogdabo02,DET
47,Bol Bol,PF,ORL,106,111,bolbo01,ORL
48,Leandro Bolmaro,SG,UTA,50,118,bolmale01,UTA
49,Devin Booker,SG,PHO,119,115,bookede01,PHX
50,Brandon Boston Jr.,SG,LAC,105,116,bostobr01,LAC
51,Chris Boucher,PF,TOR,125,112,bouchch01,TOR
52,James Bouknight,SG,CHO,90,117,bouknja01,CHA
53,Jamaree Bouyea,PG,TOT,89,112,bouyeja01,0
53,Jamaree Bouyea,PG,MIA,93,111,bouyeja01,MIA
53,Jamaree Bouyea,PG,WAS,0,119,bouyeja01,WAS
54,Tony Bradley,C,CHI,132,107,bradlto01,CHI
55,Malaki Branham,SF,SAS,103,123,branhma01,SAS
56,Jarrell Brantley,PF,UTA,134,118,brantja01,UTA
57,Christian Braun,SG,DEN,114,115,braunch01,DEN
58,Mikal Bridges,SF,TOT,118,115,bridgmi01,0
58,Mikal Bridges,SF,PHO,118,114,bridgmi01,PHX
58,Mikal Bridges,SF,BRK,117,116,bridgmi01,BKN
59,Oshae Brissett,SF,IND,110,118,brissos01,IND
60,Malcolm Brogdon,PG,BOS,122,113,brogdma01,BOS
61,Dillon Brooks,SF,MEM,102,114,brookdi01,MEM
62,Bruce Brown,SG,DEN,113,114,brownbr01,DEN
63,Greg Brown III,PF,POR,79,114,browngr01,POR
64,Jaylen Brown,SF,BOS,110,111,brownja02,BOS
65,Kendall Brown,SG,IND,109,113,brownke03,IND
66,Moses Brown,C,TOT,123,111,brownmo01,0
66,Moses Brown,C,LAC,124,111,brownmo01,LAC
66,Moses Brown,C,BRK,0,105,brownmo01,BKN
67,Sterling Brown,SG,LAL,75,103,brownst02,LAL
68,Troy Brown Jr.,SF,LAL,113,115,browntr01,LAL
69,Jalen Brunson,PG,NYK,125,117,brunsja01,NYK
70,Thomas Bryant,C,TOT,132,112,bryanth01,0
70,Thomas Bryant,C,LAL,138,112,bryanth01,LAL
70,Thomas Bryant,C,DEN,108,114,bryanth01,DEN
71,Reggie Bullock,SF,DAL,116,119,bullore01,DAL
72,Alec Burks,SG,DET,120,119,burksal01,DET
73,Deonte Burton,SG,SAC,0,124,burtode02,SAC
74,Jared Butler,SG,OKC,108,115,butleja02,OKC
75,Jimmy Butler,SF,MIA,135,112,butleji01,MIA
76,John Butler,C,POR,97,119,butlejo01,POR
77,Jamal Cain,SF,MIA,131,112,cainja01,MIA
78,Kentavious Caldwell-Pope,SG,DEN,117,115,caldwke01,DEN
79,Facundo Campazzo,PG,DAL,86,111,campafa01,DAL
80,Vlatko Čančar,PF,DEN,119,116,cancavl01,DEN
81,Clint Capela,C,ATL,136,112,capelca01,ATL
82,Vernon Carey Jr.,C,WAS,87,104,careyve01,WAS
83,Jevon Carter,PG,MIL,113,113,carteje01,MIL
84,Wendell Carter Jr.,C,ORL,119,113,cartewe01,ORL
85,Michael Carter-Williams,PG,ORL,98,116,cartemi01,ORL
86,Alex Caruso,PG,CHI,115,109,carusal01,CHI
87,Julian Champagnie,SF,TOT,115,121,champju02,0
87,Julian Champagnie,SF,PHI,0,106,champju02,PHI
87,Julian Champagnie,SF,SAS,116,121,champju02,SAS
88,Justin Champagnie,SF,TOT,96,114,champju01,0
88,Justin Champagnie,SF,TOR,205,116,champju01,TOR
88,Justin Champagnie,SF,BOS,73,113,champju01,BOS
89,Kennedy Chandler,PG,MEM,101,112,chandke01,MEM
90,Max Christie,SG,LAL,111,116,chrisma02,LAL
91,Josh Christopher,SG,HOU,102,120,chrisjo01,HOU
92,Brandon Clarke,PF,MEM,131,109,clarkbr01,MEM
93,Jordan Clarkson,SG,UTA,109,120,clarkjo01,UTA
94,Nic Claxton,C,BRK,132,108,claxtni01,BKN
95,Amir Coffey,SG,LAC,108,120,coffeam01,LAC
96,John Collins,PF,ATL,117,115,collijo01,ATL
97,Zach Collins,C,SAS,112,118,colliza01,SAS
98,Mike Conley,PG,TOT,125,118,conlemi01,0
98,Mike Conley,PG,UTA,123,119,conlemi01,UTA
98,Mike Conley,PG,MIN,130,116,conlemi01,MIN
99,Pat Connaughton,SG,MIL,112,113,connapa01,MIL
100,Xavier Cooks,PF,WAS,113,112,cooksxa01,WAS
101,Robert Covington,PF,LAC,116,110,covinro01,LAC
102,Torrey Craig,SF,PHO,116,113,craigto01,PHX
103,Jae Crowder,SF,MIL,133,111,crowdja01,MIL
104,Jarrett Culver,SG,ATL,96,113,culveja01,ATL
105,Cade Cunningham,PG,DET,100,119,cunnica01,DET
106,Seth Curry,SG,BRK,113,117,curryse01,BKN
107,Stephen Curry,PG,GSW,123,115,curryst01,GSW
108,Dyson Daniels,PG,NOP,105,112,daniedy01,NOP
109,Anthony Davis,C,LAL,124,108,davisan02,LAL
110,Johnny Davis,SG,WAS,92,117,davisjo06,WAS
111,Terence Davis,SG,SAC,106,114,daviste02,SAC
112,JD Davison,PG,BOS,104,112,davisjd01,BOS
113,Darius Days,PF,HOU,132,120,daysda01,HOU
114,Dewayne Dedmon,C,TOT,112,110,dedmode01,0
114,Dewayne Dedmon,C,MIA,113,110,dedmode01,MIA
114,Dewayne Dedmon,C,PHI,110,108,dedmode01,PHI
115,Matthew Dellavedova,PG,SAC,105,119,dellama01,SAC
116,DeMar DeRozan,SF,CHI,119,113,derozde01,CHI
117,Moussa Diabaté,PF,LAC,117,114,diabamo01,LAC
118,Mamadi Diakite,PF,CLE,99,109,diakima01,CLE
119,Hamidou Diallo,SG,DET,109,116,diallha01,DET
120,Gorgui Dieng,C,SAS,100,118,dienggo01,SAS
121,Ousmane Dieng,SF,OKC,103,115,diengou01,OKC
122,Spencer Dinwiddie,PG,TOT,118,118,dinwisp01,0
122,Spencer Dinwiddie,PG,DAL,120,119,dinwisp01,DAL
122,Spencer Dinwiddie,PG,BRK,115,116,dinwisp01,BKN
123,Donte DiVincenzo,SG,GSW,117,113,divindo01,GSW
124,Luka Dončić,PG,DAL,120,113,doncilu01,DAL
125,Tyler Dorsey,SG,DAL,170,121,dorsety01,DAL
126,Luguentz Dort,SG,OKC,109,116,dortlu01,OKC
127,Ayo Dosunmu,SG,CHI,109,115,dosunay01,CHI
128,Devon Dotson,PG,WAS,81,112,dotsode01,WAS
129,Jeff Dowtin,PG,TOR,118,117,dowtije01,TOR
130,PJ Dozier,SG,SAC,76,111,doziepj01,SAC
131,Goran Dragić,PG,TOT,103,117,dragigo01,0
131,Goran Dragić,PG,CHI,103,117,dragigo01,CHI
131,Goran Dragić,PG,MIL,104,115,dragigo01,MIL
132,Andre Drummond,C,CHI,113,103,drumman01,CHI
133,Chris Duarte,SF,IND,101,120,duartch01,IND
134,David Duke Jr.,SG,BRK,96,116,dukeda01,BKN
135,Kris Dunn,PG,UTA,125,114,dunnkr01,UTA
136,Kevin Durant,PF-SF,TOT,123,113,duranke01,0
136,Kevin Durant,PF,BRK,122,113,duranke01,BKN
136,Kevin Durant,SF,PHO,127,114,duranke01,PHX
137,Jalen Duren,C,DET,126,116,durenja01,DET
138,Tari Eason,PF,HOU,110,115,easonta01,HOU
139,Anthony Edwards,SG,MIN,106,113,edwaran01,MIN
140,Kessler Edwards,SF,TOT,108,117,edwarke02,0
140,Kessler Edwards,SF,BRK,71,115,edwarke02,BKN
140,Kessler Edwards,SF,SAC,120,117,edwarke02,SAC
141,Keon Ellis,SG,SAC,138,114,elliske01,SAC
142,Joel Embiid,C,PHI,124,109,embiijo01,PHI
143,Drew Eubanks,C,POR,130,115,eubandr01,POR
144,Bruno Fernando,C,TOT,118,115,fernabr01,0
144,Bruno Fernando,C,HOU,119,115,fernabr01,HOU
144,Bruno Fernando,C,ATL,110,114,fernabr01,ATL
145,Dorian Finney-Smith,PF,TOT,109,117,finnedo01,0
145,Dorian Finney-Smith,PF,DAL,114,118,finnedo01,DAL
145,Dorian Finney-Smith,PF,BRK,101,116,finnedo01,BKN
146,Malachi Flynn,PG,TOR,105,117,flynnma01,TOR
147,Simone Fontecchio,SF,UTA,101,120,fontesi01,UTA
148,Bryn Forbes,SG,MIN,99,118,forbebr01,MIN
149,Trent Forrest,PG,ATL,93,118,forretr01,ATL
150,Michael Foster Jr.,PF,PHI,,122,fostemi02,PHI
151,Evan Fournier,SG,NYK,98,116,fournev01,NYK
152,De'Aaron Fox,PG,SAC,119,117,foxde01,SAC
153,Markelle Fultz,PG,ORL,113,114,fultzma01,ORL
154,Wenyen Gabriel,PF,LAL,123,113,gabriwe01,LAL
155,Daniel Gafford,C,WAS,135,113,gaffoda01,WAS
156,Darius Garland,PG,CLE,118,113,garlada01,CLE
157,Usman Garuba,PF,HOU,119,115,garubus01,HOU
158,Luka Garza,C,MIN,130,117,garzalu01,MIN
159,Rudy Gay,PF,UTA,101,117,gayru01,UTA
160,Paul George,SG,LAC,113,113,georgpa01,LAC
161,Taj Gibson,C,WAS,114,115,gibsota01,WAS
162,Josh Giddey,SG,OKC,109,114,giddejo01,OKC
163,Shai Gilgeous-Alexander,PG,OKC,125,113,gilgesh01,OKC
164,Anthony Gill,PF,WAS,127,119,gillan01,WAS
165,Jacob Gilyard,PG,MEM,108,110,gilyaja01,MEM
166,Rudy Gobert,C,MIN,127,109,goberru01,MIN
167,Jordan Goodwin,PG,WAS,113,113,goodwjo01,WAS
168,Aaron Gordon,PF,DEN,124,115,gordoaa01,DEN
169,Eric Gordon,SG,TOT,115,122,gordoer01,0
169,Eric Gordon,SG,HOU,113,123,gordoer01,HOU
169,Eric Gordon,SG,LAC,122,118,gordoer01,LAC
170,Devonte' Graham,PG,TOT,117,117,grahade01,0
170,Devonte' Graham,PG,NOP,118,114,grahade01,NOP
170,Devonte' Graham,PG,SAS,116,122,grahade01,SAS
171,Jerami Grant,PF,POR,117,120,grantje01,POR
172,RaiQuan Gray,PF,BRK,115,116,grayra01,BKN
173,A.J. Green,SG,MIL,121,115,greenaj01,MIL
174,Danny Green,SG,TOT,103,111,greenda02,0
174,Danny Green,SG,MEM,77,116,greenda02,MEM
174,Danny Green,SG,CLE,111,109,greenda02,CLE
175,Draymond Green,PF,GSW,114,112,greendr01,GSW
176,Jalen Green,SG,HOU,109,122,greenja05,HOU
177,JaMychal Green,PF,GSW,121,113,greenja01,GSW
178,Javonte Green,SG,CHI,122,109,greenja02,CHI
179,Jeff Green,PF,DEN,114,117,greenje02,DEN
180,Josh Green,SG,DAL,119,119,greenjo02,DAL
181,AJ Griffin,SF,ATL,116,119,griffaj01,ATL
182,Blake Griffin,C,BOS,127,111,griffbl01,BOS
183,Quentin Grimes,SG,NYK,125,117,grimequ01,NYK
184,Rui Hachimura,PF,TOT,109,116,hachiru01,0
184,Rui Hachimura,PF,WAS,106,117,hachiru01,WAS
184,Rui Hachimura,PF,LAL,113,115,hachiru01,LAL
185,Tyrese Haliburton,PG,IND,129,118,halibty01,IND
186,Jordan Hall,SF,SAS,91,124,halljo02,SAS
187,R.J. Hampton,PG,TOT,107,118,hamptrj01,0
187,R.J. Hampton,PG,ORL,111,115,hamptrj01,ORL
187,R.J. Hampton,PG,DET,103,120,hamptrj01,DET
188,Tim Hardaway Jr.,SG,DAL,110,119,hardati02,DAL
189,James Harden,PG,PHI,123,113,hardeja01,PHI
190,Jaden Hardy,SG,DAL,108,118,hardyja02,DAL
191,Ron Harper Jr.,SF,TOR,140,120,harpero02,TOR
192,Montrezl Harrell,C,PHI,124,113,harremo01,PHI
193,Gary Harris,SG,ORL,122,116,harriga01,ORL
194,Joe Harris,SG,BRK,119,117,harrijo01,BKN
195,Kevon Harris,SG,ORL,110,115,harrike01,ORL
196,Tobias Harris,PF,PHI,118,114,harrito02,PHI
197,Shaquille Harrison,SG,POR,118,111,harrish01,POR
198,Josh Hart,SF-SG,TOT,125,116,hartjo01,0
198,Josh Hart,SF,POR,121,118,hartjo01,POR
198,Josh Hart,SG,NYK,136,112,hartjo01,NYK
199,Isaiah Hartenstein,C,NYK,124,111,harteis01,NYK
200,Udonis Haslem,C,MIA,94,115,hasleud01,MIA
201,Sam Hauser,PF,BOS,124,113,hausesa01,BOS
202,Jaxson Hayes,C,NOP,117,111,hayesja02,NOP
203,Killian Hayes,PG,DET,98,118,hayeski01,DET
204,Gordon Hayward,SF,CHO,110,118,haywago01,CHA
205,Juancho Hernangómez,PF,TOR,108,115,hernaju01,TOR
206,Willy Hernangómez,C,NOP,118,108,hernawi01,NOP
207,Tyler Herro,SG,MIA,109,115,herroty01,MIA
208,Buddy Hield,SF,IND,115,118,hieldbu01,IND
209,Haywood Highsmith,SF,MIA,101,112,highsha01,MIA
210,George Hill,PG,TOT,124,115,hillge01,0
210,George Hill,PG,MIL,121,115,hillge01,MIL
210,George Hill,PG,IND,138,118,hillge01,IND
211,Malcolm Hill,SF,CHI,119,112,hillma01,CHI
212,Aaron Holiday,PG,ATL,110,117,holidaa01,ATL
213,Jrue Holiday,PG,MIL,118,112,holidjr01,MIL
214,Justin Holiday,SG,TOT,99,118,holidju01,0
214,Justin Holiday,SG,ATL,102,120,holidju01,ATL
214,Justin Holiday,SG,DAL,94,114,holidju01,DAL
215,Richaun Holmes,C,SAC,127,118,holmeri01,SAC
216,Al Horford,C,BOS,133,112,horfoal01,BOS
217,Talen Horton-Tucker,SG,UTA,104,117,hortota01,UTA
218,Danuel House Jr.,SF,PHI,115,116,houseda01,PHI
219,Caleb Houstan,SF,ORL,108,118,houstca01,ORL
220,Trevor Hudgins,PG,HOU,103,128,hudgitr01,HOU
221,Kevin Huerter,SG,SAC,119,117,huertke01,SAC
222,Jay Huff,C,WAS,149,114,huffja01,WAS
223,De'Andre Hunter,SF,ATL,112,119,huntede01,ATL
224,Bones Hyland,PG,TOT,107,115,hylanbo01,0
224,Bones Hyland,PG,DEN,106,115,hylanbo01,DEN
224,Bones Hyland,PG,LAC,111,114,hylanbo01,LAC
225,Serge Ibaka,C,MIL,105,112,ibakase01,MIL
226,Andre Iguodala,SF,GSW,102,114,iguodan01,GSW
227,Joe Ingles,SF,MIL,120,114,inglejo01,MIL
228,Brandon Ingram,SF,NOP,112,114,ingrabr01,NOP
229,Kyrie Irving,PG,TOT,121,116,irvinky01,0
229,Kyrie Irving,PG,BRK,118,115,irvinky01,BKN
229,Kyrie Irving,PG,DAL,127,117,irvinky01,DAL
230,Jonathan Isaac,PF,ORL,108,102,isaacjo01,ORL
231,Jaden Ivey,SG,DET,103,121,iveyja01,DET
232,Frank Jackson,PG,UTA,48,119,jacksfr01,UTA
233,Isaiah Jackson,C,IND,120,114,jacksis01,IND
234,Jaren Jackson Jr.,C,MEM,118,105,jacksja02,MEM
235,Justin Jackson,SF,BOS,89,110,jacksju01,BOS
236,Quenton Jackson,PG,WAS,117,119,jacksqu01,WAS
237,Reggie Jackson,PG,TOT,103,118,jacksre01,0
237,Reggie Jackson,PG,LAC,103,118,jacksre01,LAC
237,Reggie Jackson,PG,DEN,101,117,jacksre01,DEN
238,LeBron James,PF,LAL,114,113,jamesle01,LAL
239,Ty Jerome,SG,GSW,126,117,jeromty01,GSW
240,Isaiah Joe,SG,OKC,125,116,joeis01,OKC
241,Alize Johnson,PF,SAS,74,117,johnsal02,SAS
242,Cameron Johnson,PF,TOT,122,114,johnsca02,0
242,Cameron Johnson,PF,PHO,127,114,johnsca02,PHX
242,Cameron Johnson,PF,BRK,120,114,johnsca02,BKN
243,Jalen Johnson,SF,ATL,114,113,johnsja05,ATL
244,James Johnson,PF,IND,98,115,johnsja01,IND
245,Keldon Johnson,SF,SAS,108,122,johnske04,SAS
246,Keon Johnson,SG,POR,93,119,johnske07,POR
247,Stanley Johnson,SF,SAS,117,119,johnsst04,SAS
248,Nikola Jokić,C,DEN,134,110,jokicni01,DEN
249,Carlik Jones,PG,CHI,112,115,jonesca03,CHI
250,Damian Jones,C,TOT,128,115,jonesda03,0
250,Damian Jones,C,LAL,117,110,jonesda03,LAL
250,Damian Jones,C,UTA,137,117,jonesda03,UTA
251,Derrick Jones Jr.,SF,CHI,122,112,jonesde02,CHI
252,Herbert Jones,SF,NOP,115,112,joneshe01,NOP
253,Kai Jones,C,CHO,106,113,joneska01,CHA
254,Tre Jones,PG,SAS,117,120,jonestr01,SAS
255,Tyus Jones,PG,MEM,122,113,jonesty01,MEM
256,DeAndre Jordan,C,DEN,116,111,jordade01,DEN
257,Cory Joseph,PG,DET,119,122,josepco01,DET
258,Nikola Jović,PF,MIA,105,114,jovicni01,MIA
259,Johnny Juzang,SF,UTA,93,119,juzanjo01,UTA
260,Mfiondu Kabengele,PF,BOS,103,110,kabenmf01,BOS
261,Frank Kaminsky,C,TOT,131,116,kaminfr01,0
261,Frank Kaminsky,C,ATL,133,116,kaminfr01,ATL
261,Frank Kaminsky,C,HOU,126,117,kaminfr01,HOU
262,Trevor Keels,SG,NYK,84,116,keelstr01,NYK
263,Luke Kennard,SG,TOT,128,116,kennalu01,0
263,Luke Kennard,SG,LAC,114,117,kennalu01,LAC
263,Luke Kennard,SG,MEM,146,115,kennalu01,MEM
264,Walker Kessler,C,UTA,140,111,kesslwa01,UTA
265,Braxton Key,SF,DET,227,124,keybr01,DET
266,Louis King,SF,PHI,125,116,kinglo02,PHI
267,Corey Kispert,SF,WAS,124,120,kispeco01,WAS
268,Maxi Kleber,C,DAL,117,118,klebima01,DAL
269,Nathan Knight,PF,MIN,118,114,knighna01,MIN
270,Kevin Knox,PF-SF,TOT,107,119,knoxke01,0
270,Kevin Knox,PF,DET,109,119,knoxke01,DET
270,Kevin Knox,SF,POR,105,120,knoxke01,POR
271,Christian Koloko,C,TOR,119,113,kolokch01,TOR
272,John Konchar,SG,MEM,117,109,konchjo01,MEM
273,Furkan Korkmaz,SG,PHI,100,115,korkmfu01,PHI
274,Luke Kornet,C,BOS,143,111,kornelu01,BOS
275,Vit Krejci,PG,ATL,108,118,krejcvi01,ATL
276,Jonathan Kuminga,PF,GSW,112,115,kuminjo01,GSW
277,Kyle Kuzma,PF,WAS,103,117,kuzmaky01,WAS
278,Anthony Lamb,SF,GSW,119,115,lamban01,GSW
279,Jock Landale,C,PHO,119,113,landajo01,PHX
280,Romeo Langford,SG,SAS,110,122,langfro01,SAS
281,Jake LaRavia,PF,MEM,105,114,laravja01,MEM
282,Zach LaVine,SG,CHI,116,115,lavinza01,CHI
283,A.J. Lawson,SG,TOT,112,118,lawsoaj01,0
283,A.J. Lawson,SG,MIN,200,107,lawsoaj01,MIN
283,A.J. Lawson,SG,DAL,111,119,lawsoaj01,DAL
284,Damion Lee,SG,PHO,114,116,leeda03,PHX
285,Saben Lee,PG,TOT,111,113,leesa01,0
285,Saben Lee,PG,PHI,86,111,leesa01,PHI
285,Saben Lee,PG,PHO,112,114,leesa01,PHX
286,Alex Len,C,SAC,109,112,lenal01,SAC
287,Kawhi Leonard,SF,LAC,125,113,leonaka01,LAC
288,Meyers Leonard,C,MIL,123,113,leoname01,MIL
289,Caris LeVert,SG,CLE,111,112,leverca01,CLE
290,Kira Lewis Jr.,PG,NOP,118,113,lewiski01,NOP
291,Damian Lillard,PG,POR,126,121,lillada01,POR
292,Nassir Little,SF,POR,108,120,littlna01,POR
293,Isaiah Livers,PF,DET,113,120,liveris01,DET
294,Kenneth Lofton Jr.,PF,MEM,116,111,loftoke01,MEM
295,Kevon Looney,C,GSW,147,111,looneke01,GSW
296,Brook Lopez,C,MIL,122,109,lopezbr01,MIL
297,Robin Lopez,C,CLE,114,114,lopezro01,CLE
298,Kevin Love,PF,TOT,110,110,loveke01,0
298,Kevin Love,PF,CLE,111,109,loveke01,CLE
298,Kevin Love,PF,MIA,107,112,loveke01,MIA
299,Kyle Lowry,PG,MIA,114,114,lowryky01,MIA
300,Trey Lyles,PF,SAC,117,116,lylestr01,SAC
301,Théo Maledon,PG,CHO,105,115,maledth01,CHA
302,Sandro Mamukelashvili,C,TOT,111,117,mamuksa01,0
302,Sandro Mamukelashvili,C,MIL,102,112,mamuksa01,MIL
302,Sandro Mamukelashvili,C,SAS,114,120,mamuksa01,SAS
303,Terance Mann,SG,LAC,123,117,mannte01,LAC
304,Tre Mann,PG,OKC,101,116,manntr01,OKC
305,Boban Marjanović,C,HOU,127,117,marjabo01,HOU
306,Lauri Markkanen,SF,UTA,125,116,markkla01,UTA
307,Naji Marshall,SF,NOP,109,114,marshna01,NOP
308,Caleb Martin,PF,MIA,113,113,martica02,MIA
309,Cody Martin,SF,CHO,108,117,martico01,CHA
310,Kenyon Martin Jr.,SF,HOU,126,121,martike04,HOU
311,Tyrese Martin,SG,ATL,98,120,martity01,ATL
312,Garrison Mathews,SG,TOT,119,121,mathega01,0
312,Garrison Mathews,SG,HOU,117,121,mathega01,HOU
312,Garrison Mathews,SG,ATL,129,119,mathega01,ATL
313,Bennedict Mathurin,SF,IND,109,121,mathube01,IND
314,Wesley Matthews,SG,MIL,113,114,matthwe02,MIL
315,Tyrese Maxey,SG,PHI,120,117,maxeyty01,PHI
316,Skylar Mays,SG,POR,132,121,mayssk01,POR
317,Miles McBride,PG,NYK,106,116,mcbrimi01,NYK
318,Mac McClung,SG,PHI,119,117,mccluma01,PHI
319,CJ McCollum,SG,NOP,110,115,mccolcj01,NOP
320,T.J. McConnell,PG,IND,116,117,mccontj01,IND
321,Jaden McDaniels,SF,MIN,115,115,mcdanja02,MIN
322,Jalen McDaniels,SF,TOT,108,114,mcdanja01,0
322,Jalen McDaniels,SF,CHO,106,114,mcdanja01,CHA
322,Jalen McDaniels,SF,PHI,117,113,mcdanja01,PHI
323,Doug McDermott,SF,SAS,113,124,mcderdo01,SAS
324,JaVale McGee,C,DAL,108,112,mcgeeja01,DAL
325,Bryce McGowens,SG,CHO,100,119,mcgowbr01,CHA
326,Rodney McGruder,SG,DET,119,121,mcgruro01,DET
327,Jordan McLaughlin,PG,MIN,118,115,mclaujo01,MIN
328,De'Anthony Melton,PG,PHI,111,111,meltode01,PHI
329,Sam Merrill,SG,CLE,121,107,merrisa01,CLE
330,Chimezie Metu,C,SAC,124,113,metuch01,SAC
331,Khris Middleton,SF,MIL,113,113,middlkh01,MIL
332,Patty Mills,PG,BRK,106,118,millspa02,BKN
333,Shake Milton,SG,PHI,115,117,miltosh01,PHI
334,Justin Minaya,SF,POR,77,117,minayju01,POR
335,Josh Minott,SF,MIN,119,109,minotjo01,MIN
336,Davion Mitchell,PG,SAC,111,119,mitchda01,SAC
337,Donovan Mitchell,SG,CLE,118,111,mitchdo01,CLE
338,Evan Mobley,PF,CLE,117,108,mobleev01,CLE
339,Isaiah Mobley,PF,CLE,114,106,mobleis01,CLE
340,Chima Moneke,SF,SAC,72,124,monekch01,SAC
341,Malik Monk,SG,SAC,114,118,monkma01,SAC
342,Moses Moody,SG,GSW,116,117,moodymo01,GSW
343,Xavier Moon,SG,LAC,96,119,moonxa01,LAC
344,Wendell Moore Jr.,SG,MIN,98,113,moorewe01,MIN
345,Ja Morant,PG,MEM,114,112,moranja01,MEM
346,Marcus Morris,PF,LAC,108,116,morrima03,LAC
347,Markieff Morris,PF,TOT,108,115,morrima02,0
347,Markieff Morris,PF,BRK,110,114,morrima02,BKN
347,Markieff Morris,PF,DAL,100,118,morrima02,DAL
348,Monte Morris,PG,WAS,125,118,morrimo01,WAS
349,Trey Murphy III,SF,NOP,128,114,murphtr02,NOP
350,Dejounte Murray,SG,ATL,112,116,murrade01,ATL
351,Jamal Murray,PG,DEN,116,116,murraja01,DEN
352,Keegan Murray,SF,SAC,119,117,murrake02,SAC
353,Mike Muscala,C,TOT,124,113,muscami01,0
353,Mike Muscala,C,OKC,125,114,muscami01,OKC
353,Mike Muscala,C,BOS,121,113,muscami01,BOS
354,Svi Mykhailiuk,SF,TOT,115,118,mykhasv01,0
354,Svi Mykhailiuk,SF,NYK,128,115,mykhasv01,NYK
354,Svi Mykhailiuk,SF,CHO,114,118,mykhasv01,CHA
355,Larry Nance Jr.,PF,NOP,134,110,nancela02,NOP
356,Andrew Nembhard,SG,IND,108,120,nembhan01,IND
357,Aaron Nesmith,SF,IND,111,119,nesmiaa01,IND
358,Raul Neto,PG,CLE,126,113,netora01,CLE
359,Georges Niang,PF,PHI,114,116,niangge01,PHI
360,Daishen Nix,PG,HOU,88,121,nixda01,HOU
361,Zeke Nnaji,PF,DEN,120,115,nnajize01,DEN
362,Nerlens Noel,C,TOT,84,109,noelne01,0
362,Nerlens Noel,C,DET,92,108,noelne01,DET
362,Nerlens Noel,C,BRK,56,110,noelne01,BKN
363,Jaylen Nowell,SG,MIN,106,116,nowelja01,MIN
364,Frank Ntilikina,PG,DAL,94,118,ntilila01,DAL
365,Kendrick Nunn,SG-PG,TOT,100,117,nunnke01,0
365,Kendrick Nunn,SG,LAL,96,117,nunnke01,LAL
365,Kendrick Nunn,PG,WAS,106,117,nunnke01,WAS
366,Jusuf Nurkić,C,POR,112,114,nurkiju01,POR
367,Jordan Nwora,SF,TOT,109,116,nworajo01,0
367,Jordan Nwora,SF,MIL,106,113,nworajo01,MIL
367,Jordan Nwora,SF,IND,113,119,nworajo01,IND
368,Royce O'Neale,SF,BRK,108,115,onealro01,BKN
369,Chuma Okeke,SF,ORL,107,114,okekech01,ORL
370,Josh Okogie,SG,PHO,114,113,okogijo01,PHX
371,Onyeka Okongwu,C,ATL,134,112,okongon01,ATL
372,Isaac Okoro,SF,CLE,123,112,okorois01,CLE
373,KZ Okpala,PF,SAC,113,117,okpalkz01,SAC
374,Victor Oladipo,SG,MIA,99,112,oladivi01,MIA
375,Kelly Olynyk,C,UTA,118,115,olynyke01,UTA
376,Eugene Omoruyi,SF,TOT,106,117,omorueu01,0
376,Eugene Omoruyi,SF,OKC,105,114,omorueu01,OKC
376,Eugene Omoruyi,SF,DET,107,119,omorueu01,DET
377,Cedi Osman,SF,CLE,115,113,osmande01,CLE
378,Kelly Oubre Jr.,SF,CHO,106,115,oubreke01,CHA
379,Chris Paul,PG,PHO,122,112,paulch01,PHX
380,Cameron Payne,PG,PHO,106,115,payneca01,PHX
381,Gary Payton II,PG,TOT,131,115,paytoga02,0
381,Gary Payton II,PG,POR,126,116,paytoga02,POR
381,Gary Payton II,PG,GSW,138,111,paytoga02,GSW
382,Theo Pinson,SG,DAL,114,117,pinsoth01,DAL
383,Scotty Pippen Jr.,PG,LAL,93,112,pippesc02,LAL
384,Mason Plumlee,C,TOT,134,114,plumlma01,0
384,Mason Plumlee,C,CHO,133,114,plumlma01,CHA
384,Mason Plumlee,C,LAC,136,111,plumlma01,LAC
385,Jakob Poeltl,C,TOT,123,114,poeltja01,0
385,Jakob Poeltl,C,SAS,119,116,poeltja01,SAS
385,Jakob Poeltl,C,TOR,132,110,poeltja01,TOR
386,Aleksej Pokusevski,PF,OKC,105,112,pokusal01,OKC
387,Jordan Poole,PG,GSW,109,117,poolejo01,GSW
388,Kevin Porter Jr.,PG,HOU,112,120,porteke02,HOU
389,Michael Porter Jr.,SF,DEN,118,115,portemi01,DEN
390,Otto Porter Jr.,SF,TOR,132,112,porteot01,TOR
391,Bobby Portis,PF,MIL,117,110,portibo01,MIL
392,Kristaps Porziņģis,C,WAS,121,113,porzikr01,WAS
393,Micah Potter,PF,UTA,145,116,pottemi01,UTA
394,Dwight Powell,C,DAL,140,116,poweldw01,DAL
395,Norman Powell,SG,LAC,115,116,powelno01,LAC
396,Jason Preston,PG,LAC,102,117,prestja01,LAC
397,Joshua Primo,SG,SAS,90,122,primojo01,SAS
398,Taurean Prince,SF,MIN,108,117,princta02,MIN
399,Payton Pritchard,PG,BOS,105,115,pritcpa01,BOS
400,Trevelin Queen,SG,IND,78,116,queentr01,IND
401,Neemias Queta,C,SAC,127,114,quetane01,SAC
402,Immanuel Quickley,PG,NYK,122,115,quickim01,NYK
403,Lester Quinones,SG,GSW,87,114,quinole01,GSW
404,Julius Randle,PF,NYK,117,114,randlju01,NYK
405,Austin Reaves,SG,LAL,129,117,reaveau01,LAL
406,Cam Reddish,SF,TOT,109,118,reddica01,0
406,Cam Reddish,SF,NYK,113,117,reddica01,NYK
406,Cam Reddish,SF,POR,105,119,reddica01,POR
407,Davon Reed,SG,TOT,93,113,reedda01,0
407,Davon Reed,SG,DEN,89,113,reedda01,DEN
407,Davon Reed,SG,LAL,155,111,reedda01,LAL
408,Paul Reed,C,PHI,122,105,reedpa01,PHI
409,Naz Reid,C,MIN,112,110,reidna01,MIN
410,Jared Rhoden,SG,DET,108,121,rhodeja01,DET
411,Nick Richards,C,CHO,130,113,richani01,CHA
412,Josh Richardson,SG,TOT,110,118,richajo01,0
412,Josh Richardson,SG,SAS,111,120,richajo01,SAS
412,Josh Richardson,SG,NOP,107,112,richajo01,NOP
413,Austin Rivers,SG,MIN,115,117,riverau01,MIN
414,Duncan Robinson,SF,MIA,105,117,robindu01,MIA
415,Mitchell Robinson,C,NYK,142,110,robinmi01,NYK
416,Orlando Robinson,C,MIA,122,111,robinor01,MIA
417,Jeremiah Robinson-Earl,PF,OKC,121,115,robinje02,OKC
418,Isaiah Roby,PF,SAS,97,118,robyis01,SAS
419,David Roddy,PF,MEM,103,114,roddyda01,MEM
420,Ryan Rollins,PG,GSW,70,116,rolliry01,GSW
421,Derrick Rose,PG,NYK,99,117,rosede01,NYK
422,Terrence Ross,SG,TOT,110,116,rosste01,0
422,Terrence Ross,SG,ORL,104,117,rosste01,ORL
422,Terrence Ross,SG,PHO,120,114,rosste01,PHX
423,Terry Rozier,SG,CHO,106,117,roziete01,CHA
424,Ricky Rubio,PG,CLE,103,110,rubiori01,CLE
425,D'Angelo Russell,PG,TOT,116,116,russeda01,0
425,D'Angelo Russell,PG,MIN,115,116,russeda01,MIN
425,D'Angelo Russell,PG,LAL,118,117,russeda01,LAL
426,Matt Ryan,SF,TOT,109,119,ryanma01,0
426,Matt Ryan,SF,LAL,95,118,ryanma01,LAL
426,Matt Ryan,SF,MIN,120,119,ryanma01,MIN
427,Domantas Sabonis,C,SAC,132,114,sabondo01,SAC
428,Luka Šamanić,PF,UTA,105,115,samanlu01,UTA
429,Dario Šarić,PF,TOT,113,113,saricda01,0
429,Dario Šarić,PF,PHO,110,113,saricda01,PHX
429,Dario Šarić,PF,OKC,119,114,saricda01,OKC
430,Olivier Sarr,C,OKC,116,114,sarrol01,OKC
431,Jordan Schakel,SF,WAS,161,106,schakjo01,WAS
432,Admiral Schofield,PF,ORL,120,117,schofad01,ORL
433,Dennis Schröder,PG,LAL,112,117,schrode01,LAL
434,Jay Scrubb,SG,ORL,108,110,scrubja01,ORL
435,Dereon Seabron,SG,NOP,95,121,seabrde01,NOP
436,Alperen Şengün,C,HOU,118,117,sengual01,HOU
437,Collin Sexton,SG,UTA,119,120,sextoco01,UTA
438,Landry Shamet,SG,PHO,111,116,shamela01,PHX
439,Day'Ron Sharpe,C,BRK,118,111,sharpda01,BKN
440,Shaedon Sharpe,SG,POR,109,121,sharpsh01,POR
441,Pascal Siakam,C,TOR,118,115,siakapa01,TOR
442,Chris Silva,PF,DAL,66,123,silvach01,DAL
443,Ben Simmons,PG,BRK,110,110,simmobe01,BKN
444,Kobi Simmons,PG,CHO,101,117,simmoko01,CHA
445,Marko Simonovic,C,CHI,88,119,simonma01,CHI
446,Anfernee Simons,SG,POR,113,123,simonan01,POR
447,Jericho Sims,C,NYK,146,114,simsje01,NYK
448,Marcus Smart,PG,BOS,111,112,smartma01,BOS
449,Dennis Smith Jr.,PG,CHO,103,114,smithde03,CHA
450,Dru Smith,SG,TOT,111,110,smithdr01,0
450,Dru Smith,SG,MIA,94,108,smithdr01,MIA
450,Dru Smith,SG,BRK,118,110,smithdr01,BKN
451,Ish Smith,PG,DEN,89,116,smithis01,DEN
452,Jabari Smith Jr.,PF,HOU,108,119,smithja05,HOU
453,Jalen Smith,PF,IND,113,116,smithja04,IND
454,Xavier Sneed,SF,CHO,124,120,sneedxa01,CHA
455,Jeremy Sochan,PF,SAS,103,120,sochaje01,SAS
456,Jaden Springer,SG,PHI,116,108,sprinja01,PHI
457,Lamar Stevens,PF,CLE,109,111,stevela01,CLE
458,Isaiah Stewart,C,DET,113,118,stewais01,DET
459,Max Strus,SF,MIA,113,117,strusma01,MIA
460,Jalen Suggs,PG,ORL,104,113,suggsja01,ORL
461,Edmond Sumner,SG,BRK,112,115,sumneed01,BKN
462,Cole Swider,SF,LAL,124,118,swideco01,LAL
463,Jae'Sean Tate,SF,HOU,111,120,tateja01,HOU
464,Jayson Tatum,PF,BOS,118,110,tatumja01,BOS
465,Terry Taylor,PF,TOT,115,121,taylote01,0
465,Terry Taylor,PF,IND,108,122,taylote01,IND
465,Terry Taylor,PF,CHI,171,117,taylote01,CHI
466,Garrett Temple,SG,NOP,114,112,templga01,NOP
467,Dalen Terry,SG,CHI,112,110,terryda01,CHI
468,Daniel Theis,C,IND,108,118,theisda01,IND
469,Cam Thomas,SG,BRK,108,118,thomaca02,BKN
470,Klay Thompson,SG,GSW,110,117,thompkl01,GSW
471,JT Thor,PF,CHO,97,117,thorjt01,CHA
472,Matisse Thybulle,SG,TOT,114,113,thybuma01,0
472,Matisse Thybulle,SG,PHI,115,110,thybuma01,PHI
472,Matisse Thybulle,SG,POR,114,116,thybuma01,POR
473,Xavier Tillman Sr.,PF,MEM,129,109,tillmxa01,MEM
474,Isaiah Todd,PF,WAS,65,118,toddis01,WAS
475,Obi Toppin,PF,NYK,116,116,toppiob01,NYK
476,Juan Toscano-Anderson,SF,TOT,104,116,toscaju01,0
476,Juan Toscano-Anderson,SF,LAL,107,114,toscaju01,LAL
476,Juan Toscano-Anderson,SF,UTA,102,118,toscaju01,UTA
477,Karl-Anthony Towns,PF,MIN,117,114,townska01,MIN
478,Gary Trent Jr.,SG,TOR,116,116,trentga02,TOR
479,P.J. Tucker,PF,PHI,117,116,tuckepj01,PHI
480,Myles Turner,C,IND,121,114,turnemy01,IND
481,Stanley Umude,SG,DET,126,44,umudest01,DET
482,Jonas Valančiūnas,C,NOP,116,110,valanjo01,NOP
483,Jarred Vanderbilt,PF,TOT,123,112,vandeja01,0
483,Jarred Vanderbilt,PF,UTA,124,113,vandeja01,UTA
483,Jarred Vanderbilt,PF,LAL,119,111,vandeja01,LAL
484,Fred VanVleet,PG,TOR,117,114,vanvlfr01,TOR
485,Devin Vassell,SG,SAS,110,120,vassede01,SAS
486,Gabe Vincent,PG,MIA,104,115,vincega01,MIA
487,Noah Vonleh,C,BOS,101,110,vonleno01,BOS
488,Nikola Vučević,C,CHI,117,110,vucevni01,CHI
489,Dean Wade,PF,CLE,113,110,wadede01,CLE
490,Franz Wagner,SF,ORL,115,116,wagnefr01,ORL
491,Moritz Wagner,C,ORL,122,114,wagnemo01,ORL
492,Ish Wainright,SF,PHO,114,113,wainris01,PHX
493,Jabari Walker,SF,POR,104,120,walkeja01,POR
494,Kemba Walker,PG,DAL,118,119,walkeke02,DAL
495,Lonnie Walker IV,SG,LAL,111,117,walkelo01,LAL
496,John Wall,PG,LAC,102,115,walljo01,LAC
497,T.J. Warren,PF-SF,TOT,111,114,warretj01,0
497,T.J. Warren,PF,BRK,112,115,warretj01,BKN
497,T.J. Warren,SF,PHO,108,111,warretj01,PHX
498,Duane Washington Jr.,SG,PHO,93,117,washidu02,PHX
499,P.J. Washington,PF,CHO,107,116,washipj01,CHA
500,TyTy Washington Jr.,PG,HOU,99,121,washity02,HOU
501,Yuta Watanabe,SF,BRK,125,116,watanyu01,BKN
502,Lindy Waters III,SG,OKC,120,116,waterli01,OKC
503,Trendon Watford,PF,POR,118,119,watfotr01,POR
504,Peyton Watson,SG,DEN,109,114,watsope01,DEN
505,Blake Wesley,SG,SAS,80,120,weslebl01,SAS
506,Russell Westbrook,PG,TOT,104,113,westbru01,0
506,Russell Westbrook,PG,LAL,101,113,westbru01,LAL
506,Russell Westbrook,PG,LAC,111,115,westbru01,LAC
507,Coby White,SG,CHI,113,114,whiteco01,CHI
508,Derrick White,SG,BOS,124,112,whitede01,BOS
509,Jack White,SF,DEN,115,111,whiteja03,DEN
510,Joe Wieskamp,SF,TOR,77,121,wieskjo01,TOR
511,Aaron Wiggins,SG,OKC,119,116,wiggiaa01,OKC
512,Andrew Wiggins,SF,GSW,113,114,wiggian01,GSW
513,Lindell Wigginton,PG,MIL,104,117,wiggili01,MIL
514,Alondes Williams,SG,BRK,0,117,willial06,BKN
515,Donovan Williams,SG,ATL,81,111,willido02,ATL
516,Grant Williams,PF,BOS,118,113,willigr01,BOS
517,Jalen Williams,SG,OKC,118,114,willija06,OKC
518,Jaylin Williams,PF,OKC,115,112,willija07,OKC
519,Jeenathan Williams,SG,POR,132,122,willije02,POR
520,Kenrich Williams,PF,OKC,126,114,willike04,OKC
521,Mark Williams,C,CHO,125,110,willima07,CHA
522,Patrick Williams,PF,CHI,108,113,willipa01,CHI
523,Robert Williams,C,BOS,143,107,williro04,BOS
524,Vince Williams Jr.,SG,MEM,79,110,willivi01,MEM
525,Ziaire Williams,SF,MEM,97,114,willizi02,MEM
526,Zion Williamson,PF,NOP,120,112,willizi01,NOP
527,Dylan Windler,SF,CLE,119,108,windldy01,CLE
528,Justise Winslow,SF,POR,104,118,winslju01,POR
529,James Wiseman,C,TOT,112,116,wisemja01,0
529,James Wiseman,C,GSW,123,114,wisemja01,GSW
529,James Wiseman,C,DET,108,118,wisemja01,DET
530,Christian Wood,C,DAL,116,113,woodch01,DAL
531,Delon Wright,PG,WAS,127,112,wrighde01,WAS
532,McKinley Wright IV,PG,DAL,113,118,wrighmc01,DAL
533,Gabe York,SG,IND,122,120,yorkga01,IND
534,Thaddeus Young,PF,TOR,117,112,youngth01,TOR
535,Trae Young,PG,ATL,116,119,youngtr01,ATL
536,Omer Yurtseven,C,MIA,126,112,yurtsom01,MIA
537,Cody Zeller,C,MIA,124,114,zelleco01,MIA
538,Ivica Zubac,C,LAC,125,112,zubaciv01,LAC